a_name,b_name,count,,,,,,,,,,,,,,,,,,,,
CRISISLEX_C07_SAFETY,CYBER_ATTACK,1268218,,,,,,,,,,,,,,,,,,,,
CRISISLEX_CRISISLEXREC,CYBER_ATTACK,1085646,,,,,,,,,,,,,,,,,,,,
CYBER_ATTACK,WB_133_INFORMATION_AND_COMMUNICATION_TECHNOLOGIES,1036510,,,,,,,,,,,,,,,,,,,,
CYBER_ATTACK,WB_678_DIGITAL_GOVERNMENT,1004849,,,,,,,,,,,,,,,,,,,,
WB_133_INFORMATION_AND_COMMUNICATION_TECHNOLOGIES,WB_678_DIGITAL_GOVERNMENT,1002742,,,,,,,,,,,,,,,,,,,,
CRISISLEX_C07_SAFETY,CRISISLEX_CRISISLEXREC,794745,,,,,,,,,,,,,,,,,,,,
CYBER_ATTACK,WB_696_PUBLIC_SECTOR_MANAGEMENT,790827,,,,,,,,,,,,,,,,,,,,
CRISISLEX_C07_SAFETY,WB_133_INFORMATION_AND_COMMUNICATION_TECHNOLOGIES,760692,,,,,,,,,,,,,,,,,,,,
CYBER_ATTACK,USPEC_POLITICS_GENERAL1,752292,,,,,,,,,,,,,,,,,,,,
CRISISLEX_C07_SAFETY,WB_678_DIGITAL_GOVERNMENT,739210,,,,,,,,,,,,,,,,,,,,
CYBER_ATTACK,GENERAL_GOVERNMENT,703312,,,,,,,,,,,,,,,,,,,,
CYBER_ATTACK,WB_2432_FRAGILITY_CONFLICT_AND_VIOLENCE,696574,,,,,,,,,,,,,,,,,,,,
CYBER_ATTACK,USPEC_POLICY1,694378,,,,,,,,,,,,,,,,,,,,
CYBER_ATTACK,UNGP_FORESTS_RIVERS_OCEANS,677195,,,,,,,,,,,,,,,,,,,,
CYBER_ATTACK,EPU_ECONOMY_HISTORIC,656209,,,,,,,,,,,,,,,,,,,,
CYBER_ATTACK,LEADER,635604,,,,,,,,,,,,,,,,,,,,
CRISISLEX_CRISISLEXREC,WB_133_INFORMATION_AND_COMMUNICATION_TECHNOLOGIES,614386,,,,,,,,,,,,,,,,,,,,
CRISISLEX_C07_SAFETY,WB_696_PUBLIC_SECTOR_MANAGEMENT,613089,,,,,,,,,,,,,,,,,,,,
CRISISLEX_CRISISLEXREC,WB_678_DIGITAL_GOVERNMENT,596131,,,,,,,,,,,,,,,,,,,,
CYBER_ATTACK,MEDIA_MSM,581780,,,,,,,,,,,,,,,,,,,,
CYBER_ATTACK,WB_840_JUSTICE,539898,,,,,,,,,,,,,,,,,,,,
WB_696_PUBLIC_SECTOR_MANAGEMENT,WB_840_JUSTICE,538490,,,,,,,,,,,,,,,,,,,,
CRISISLEX_CRISISLEXREC,WB_696_PUBLIC_SECTOR_MANAGEMENT,536726,,,,,,,,,,,,,,,,,,,,
CRISISLEX_C07_SAFETY,GENERAL_GOVERNMENT,532074,,,,,,,,,,,,,,,,,,,,
CRISISLEX_C07_SAFETY,WB_2432_FRAGILITY_CONFLICT_AND_VIOLENCE,530780,,,,,,,,,,,,,,,,,,,,
CRISISLEX_C07_SAFETY,USPEC_POLICY1,525157,,,,,,,,,,,,,,,,,,,,
CRISISLEX_C07_SAFETY,USPEC_POLITICS_GENERAL1,517915,,,,,,,,,,,,,,,,,,,,
CYBER_ATTACK,EPU_POLICY_GOVERNMENT,514022,,,,,,,,,,,,,,,,,,,,
EPU_POLICY_GOVERNMENT,GENERAL_GOVERNMENT,512535,,,,,,,,,,,,,,,,,,,,
CRISISLEX_CRISISLEXREC,WB_2432_FRAGILITY_CONFLICT_AND_VIOLENCE,506535,,,,,,,,,,,,,,,,,,,,
LEADER,USPEC_POLITICS_GENERAL1,506371,,,,,,,,,,,,,,,,,,,,
WB_133_INFORMATION_AND_COMMUNICATION_TECHNOLOGIES,WB_696_PUBLIC_SECTOR_MANAGEMENT,495420,,,,,,,,,,,,,,,,,,,,
CRISISLEX_C07_SAFETY,UNGP_FORESTS_RIVERS_OCEANS,490215,,,,,,,,,,,,,,,,,,,,
CRISISLEX_C07_SAFETY,EPU_ECONOMY_HISTORIC,485789,,,,,,,,,,,,,,,,,,,,
CRISISLEX_CRISISLEXREC,GENERAL_GOVERNMENT,483166,,,,,,,,,,,,,,,,,,,,
WB_678_DIGITAL_GOVERNMENT,WB_696_PUBLIC_SECTOR_MANAGEMENT,481571,,,,,,,,,,,,,,,,,,,,
CYBER_ATTACK,WB_694_BROADCAST_AND_MEDIA,479850,,,,,,,,,,,,,,,,,,,,
CYBER_ATTACK,MANMADE_DISASTER_IMPLIED,479552,,,,,,,,,,,,,,,,,,,,
WB_133_INFORMATION_AND_COMMUNICATION_TECHNOLOGIES,WB_694_BROADCAST_AND_MEDIA,478796,,,,,,,,,,,,,,,,,,,,
WB_678_DIGITAL_GOVERNMENT,WB_694_BROADCAST_AND_MEDIA,478765,,,,,,,,,,,,,,,,,,,,
CYBER_ATTACK,TAX_FNCACT_HACKERS,477991,,,,,,,,,,,,,,,,,,,,
CRISISLEX_CRISISLEXREC,USPEC_POLITICS_GENERAL1,475659,,,,,,,,,,,,,,,,,,,,
USPEC_POLITICS_GENERAL1,WB_133_INFORMATION_AND_COMMUNICATION_TECHNOLOGIES,474567,,,,,,,,,,,,,,,,,,,,
USPEC_POLITICS_GENERAL1,WB_678_DIGITAL_GOVERNMENT,462676,,,,,,,,,,,,,,,,,,,,
CYBER_ATTACK,WB_831_GOVERNANCE,462675,,,,,,,,,,,,,,,,,,,,
WB_696_PUBLIC_SECTOR_MANAGEMENT,WB_831_GOVERNANCE,461432,,,,,,,,,,,,,,,,,,,,
CYBER_ATTACK,WB_670_ICT_SECURITY,456569,,,,,,,,,,,,,,,,,,,,
WB_133_INFORMATION_AND_COMMUNICATION_TECHNOLOGIES,WB_670_ICT_SECURITY,455697,,,,,,,,,,,,,,,,,,,,
WB_670_ICT_SECURITY,WB_678_DIGITAL_GOVERNMENT,455668,,,,,,,,,,,,,,,,,,,,
ARMEDCONFLICT,CYBER_ATTACK,454184,,,,,,,,,,,,,,,,,,,,
CRISISLEX_CRISISLEXREC,UNGP_FORESTS_RIVERS_OCEANS,448753,,,,,,,,,,,,,,,,,,,,
GENERAL_GOVERNMENT,WB_133_INFORMATION_AND_COMMUNICATION_TECHNOLOGIES,447142,,,,,,,,,,,,,,,,,,,,
CRISISLEX_C07_SAFETY,LEADER,446879,,,,,,,,,,,,,,,,,,,,
CRISISLEX_C07_SAFETY,WB_840_JUSTICE,443029,,,,,,,,,,,,,,,,,,,,
CRISISLEX_CRISISLEXREC,USPEC_POLICY1,440308,,,,,,,,,,,,,,,,,,,,
EPU_ECONOMY_HISTORIC,WB_133_INFORMATION_AND_COMMUNICATION_TECHNOLOGIES,438145,,,,,,,,,,,,,,,,,,,,
USPEC_POLICY1,WB_133_INFORMATION_AND_COMMUNICATION_TECHNOLOGIES,435464,,,,,,,,,,,,,,,,,,,,
GENERAL_GOVERNMENT,WB_678_DIGITAL_GOVERNMENT,435198,,,,,,,,,,,,,,,,,,,,
UNGP_FORESTS_RIVERS_OCEANS,WB_133_INFORMATION_AND_COMMUNICATION_TECHNOLOGIES,433000,,,,,,,,,,,,,,,,,,,,
CYBER_ATTACK,WB_1014_CRIMINAL_JUSTICE,430320,,,,,,,,,,,,,,,,,,,,
CYBER_ATTACK,EPU_CATS_MIGRATION_FEAR_FEAR,430212,,,,,,,,,,,,,,,,,,,,
CYBER_ATTACK,WB_2433_CONFLICT_AND_VIOLENCE,430052,,,,,,,,,,,,,,,,,,,,
WB_1014_CRIMINAL_JUSTICE,WB_696_PUBLIC_SECTOR_MANAGEMENT,429218,,,,,,,,,,,,,,,,,,,,
WB_1014_CRIMINAL_JUSTICE,WB_840_JUSTICE,428969,,,,,,,,,,,,,,,,,,,,
WB_2432_FRAGILITY_CONFLICT_AND_VIOLENCE,WB_2433_CONFLICT_AND_VIOLENCE,428752,,,,,,,,,,,,,,,,,,,,
CYBER_ATTACK,LEGISLATION,428476,,,,,,,,,,,,,,,,,,,,
CYBER_ATTACK,TAX_FNCACT_PRESIDENT,424541,,,,,,,,,,,,,,,,,,,,
CRISISLEX_CRISISLEXREC,LEADER,424100,,,,,,,,,,,,,,,,,,,,
USPEC_POLICY1,WB_678_DIGITAL_GOVERNMENT,423230,,,,,,,,,,,,,,,,,,,,
TAX_FNCACT_PRESIDENT,USPEC_POLITICS_GENERAL1,423185,,,,,,,,,,,,,,,,,,,,
LEADER,TAX_FNCACT_PRESIDENT,423144,,,,,,,,,,,,,,,,,,,,
EPU_ECONOMY_HISTORIC,WB_678_DIGITAL_GOVERNMENT,423142,,,,,,,,,,,,,,,,,,,,
CYBER_ATTACK,WB_832_ANTI_CORRUPTION,422845,,,,,,,,,,,,,,,,,,,,
WB_696_PUBLIC_SECTOR_MANAGEMENT,WB_832_ANTI_CORRUPTION,421693,,,,,,,,,,,,,,,,,,,,
WB_831_GOVERNANCE,WB_832_ANTI_CORRUPTION,421330,,,,,,,,,,,,,,,,,,,,
UNGP_FORESTS_RIVERS_OCEANS,WB_678_DIGITAL_GOVERNMENT,421325,,,,,,,,,,,,,,,,,,,,
CRISISLEX_CRISISLEXREC,EPU_ECONOMY_HISTORIC,420040,,,,,,,,,,,,,,,,,,,,
CYBER_ATTACK,SECURITY_SERVICES,419660,,,,,,,,,,,,,,,,,,,,
CYBER_ATTACK,KILL,415499,,,,,,,,,,,,,,,,,,,,
GENERAL_GOVERNMENT,USPEC_POLITICS_GENERAL1,414138,,,,,,,,,,,,,,,,,,,,
WB_133_INFORMATION_AND_COMMUNICATION_TECHNOLOGIES,WB_2432_FRAGILITY_CONFLICT_AND_VIOLENCE,408805,,,,,,,,,,,,,,,,,,,,
CRISISLEX_C07_SAFETY,SECURITY_SERVICES,406917,,,,,,,,,,,,,,,,,,,,
USPEC_POLITICS_GENERAL1,WB_696_PUBLIC_SECTOR_MANAGEMENT,399167,,,,,,,,,,,,,,,,,,,,
WB_2432_FRAGILITY_CONFLICT_AND_VIOLENCE,WB_678_DIGITAL_GOVERNMENT,397212,,,,,,,,,,,,,,,,,,,,
CRISISLEX_CRISISLEXREC,WB_840_JUSTICE,395197,,,,,,,,,,,,,,,,,,,,
LEADER,WB_133_INFORMATION_AND_COMMUNICATION_TECHNOLOGIES,390733,,,,,,,,,,,,,,,,,,,,
CRISISLEX_C07_SAFETY,EPU_POLICY_GOVERNMENT,390702,,,,,,,,,,,,,,,,,,,,
CRISISLEX_CRISISLEXREC,MEDIA_MSM,388680,,,,,,,,,,,,,,,,,,,,
GENERAL_GOVERNMENT,LEADER,386828,,,,,,,,,,,,,,,,,,,,
CRISISLEX_C07_SAFETY,MEDIA_MSM,384932,,,,,,,,,,,,,,,,,,,,
CYBER_ATTACK,EDUCATION,382259,,,,,,,,,,,,,,,,,,,,
LEADER,WB_678_DIGITAL_GOVERNMENT,381059,,,,,,,,,,,,,,,,,,,,
CYBER_ATTACK,SOC_GENERALCRIME,379604,,,,,,,,,,,,,,,,,,,,
CRISISLEX_CRISISLEXREC,MANMADE_DISASTER_IMPLIED,379260,,,,,,,,,,,,,,,,,,,,
WB_2432_FRAGILITY_CONFLICT_AND_VIOLENCE,WB_696_PUBLIC_SECTOR_MANAGEMENT,378747,,,,,,,,,,,,,,,,,,,,
EPU_ECONOMY_HISTORIC,USPEC_POLICY1,378431,,,,,,,,,,,,,,,,,,,,
USPEC_POLICY1,USPEC_POLITICS_GENERAL1,377478,,,,,,,,,,,,,,,,,,,,
GENERAL_GOVERNMENT,WB_696_PUBLIC_SECTOR_MANAGEMENT,376001,,,,,,,,,,,,,,,,,,,,
GENERAL_GOVERNMENT,WB_2432_FRAGILITY_CONFLICT_AND_VIOLENCE,375430,,,,,,,,,,,,,,,,,,,,
MEDIA_MSM,WB_133_INFORMATION_AND_COMMUNICATION_TECHNOLOGIES,371703,,,,,,,,,,,,,,,,,,,,
UNGP_FORESTS_RIVERS_OCEANS,WB_2432_FRAGILITY_CONFLICT_AND_VIOLENCE,15857346,,,,,,,,,,,,,,,,,,,,
LEGISLATION,UNGP_FORESTS_RIVERS_OCEANS,9889617,,,,,,,,,,,,,,,,,,,,
UNGP_FORESTS_RIVERS_OCEANS,WB_840_JUSTICE,12081342,,,,,,,,,,,,,,,,,,,,
CRISISLEX_C07_SAFETY,UNGP_FORESTS_RIVERS_OCEANS,17773925,,,,,,,,,,,,,,,,,,,,
ARMEDCONFLICT,UNGP_FORESTS_RIVERS_OCEANS,9911609,,,,,,,,,,,,,,,,,,,,
EPU_ECONOMY_HISTORIC,UNGP_FORESTS_RIVERS_OCEANS,12743820,,,,,,,,,,,,,,,,,,,,
CRISISLEX_CRISISLEXREC,UNGP_FORESTS_RIVERS_OCEANS,9669197,,,,,,,,,,,,,,,,,,,,
CRISISLEX_C07_SAFETY,SECURITY_SERVICES,8350591,,,,,,,,,,,,,,,,,,,,
UNGP_FORESTS_RIVERS_OCEANS,WB_670_ICT_SECURITY,1506635,,,,,,,,,,,,,,,,,,,,
UNGP_FORESTS_RIVERS_OCEANS,USPEC_POLITICS_GENERAL1,11333711,,,,,,,,,,,,,,,,,,,,
SOC_GENERALCRIME,UNGP_FORESTS_RIVERS_OCEANS,5131843,,,,,,,,,,,,,,,,,,,,
TAX_FNCACT_PRESIDENT,UNGP_FORESTS_RIVERS_OCEANS,12762160,,,,,,,,,,,,,,,,,,,,
MEDIA_MSM,UNGP_FORESTS_RIVERS_OCEANS,14887390,,,,,,,,,,,,,,,,,,,,
EPU_POLICY_GOVERNMENT,UNGP_FORESTS_RIVERS_OCEANS,8591583,,,,,,,,,,,,,,,,,,,,
LEADER,UNGP_FORESTS_RIVERS_OCEANS,10029103,,,,,,,,,,,,,,,,,,,,
EPU_CATS_MIGRATION_FEAR_FEAR,UNGP_FORESTS_RIVERS_OCEANS,9341983,,,,,,,,,,,,,,,,,,,,
GENERAL_GOVERNMENT,UNGP_FORESTS_RIVERS_OCEANS,10504459,,,,,,,,,,,,,,,,,,,,
UNGP_FORESTS_RIVERS_OCEANS,WB_2433_CONFLICT_AND_VIOLENCE,11168446,,,,,,,,,,,,,,,,,,,,
UNGP_FORESTS_RIVERS_OCEANS,WB_678_DIGITAL_GOVERNMENT,13193815,,,,,,,,,,,,,,,,,,,,
UNGP_FORESTS_RIVERS_OCEANS,WB_1014_CRIMINAL_JUSTICE,9261680,,,,,,,,,,,,,,,,,,,,
UNGP_FORESTS_RIVERS_OCEANS,WB_831_GOVERNANCE,10405128,,,,,,,,,,,,,,,,,,,,
CYBER_ATTACK,TAX_FNCACT_HACKERS,156720,,,,,,,,,,,,,,,,,,,,
UNGP_FORESTS_RIVERS_OCEANS,WB_133_INFORMATION_AND_COMMUNICATION_TECHNOLOGIES,13193798,,,,,,,,,,,,,,,,,,,,
UNGP_FORESTS_RIVERS_OCEANS,WB_696_PUBLIC_SECTOR_MANAGEMENT,9133498,,,,,,,,,,,,,,,,,,,,
UNGP_FORESTS_RIVERS_OCEANS,USPEC_POLICY1,22084374,,,,,,,,,,,,,,,,,,,,
UNGP_FORESTS_RIVERS_OCEANS,WB_832_ANTI_CORRUPTION,9100895,,,,,,,,,,,,,,,,,,,,
UNGP_FORESTS_RIVERS_OCEANS,WB_694_BROADCAST_AND_MEDIA,10697523,,,,,,,,,,,,,,,,,,,,
KILL,UNGP_FORESTS_RIVERS_OCEANS,11216580,,,,,,,,,,,,,,,,,,,,
MANMADE_DISASTER_IMPLIED,UNGP_FORESTS_RIVERS_OCEANS,15655663,,,,,,,,,,,,,,,,,,,,
EDUCATION,UNGP_FORESTS_RIVERS_OCEANS,15666891,,,,,,,,,,,,,,,,,,,,
LEGISLATION,WB_2432_FRAGILITY_CONFLICT_AND_VIOLENCE,11456091,,,,,,,,,,,,,,,,,,,,
WB_2432_FRAGILITY_CONFLICT_AND_VIOLENCE,WB_840_JUSTICE,19111933,,,,,,,,,,,,,,,,,,,,
CRISISLEX_C07_SAFETY,WB_2432_FRAGILITY_CONFLICT_AND_VIOLENCE,10645599,,,,,,,,,,,,,,,,,,,,
ARMEDCONFLICT,WB_2432_FRAGILITY_CONFLICT_AND_VIOLENCE,9471768,,,,,,,,,,,,,,,,,,,,
EPU_ECONOMY_HISTORIC,WB_2432_FRAGILITY_CONFLICT_AND_VIOLENCE,12067710,,,,,,,,,,,,,,,,,,,,
CRISISLEX_CRISISLEXREC,WB_2432_FRAGILITY_CONFLICT_AND_VIOLENCE,9119912,,,,,,,,,,,,,,,,,,,,
SECURITY_SERVICES,WB_2432_FRAGILITY_CONFLICT_AND_VIOLENCE,14966374,,,,,,,,,,,,,,,,,,,,
WB_2432_FRAGILITY_CONFLICT_AND_VIOLENCE,WB_670_ICT_SECURITY,1248378,,,,,,,,,,,,,,,,,,,,
USPEC_POLITICS_GENERAL1,WB_2432_FRAGILITY_CONFLICT_AND_VIOLENCE,9849663,,,,,,,,,,,,,,,,,,,,
SOC_GENERALCRIME,WB_2432_FRAGILITY_CONFLICT_AND_VIOLENCE,12087021,,,,,,,,,,,,,,,,,,,,
TAX_FNCACT_PRESIDENT,WB_2432_FRAGILITY_CONFLICT_AND_VIOLENCE,13370979,,,,,,,,,,,,,,,,,,,,
MEDIA_MSM,WB_2432_FRAGILITY_CONFLICT_AND_VIOLENCE,15350643,,,,,,,,,,,,,,,,,,,,
EPU_POLICY_GOVERNMENT,WB_2432_FRAGILITY_CONFLICT_AND_VIOLENCE,14224207,,,,,,,,,,,,,,,,,,,,
LEADER,WB_2432_FRAGILITY_CONFLICT_AND_VIOLENCE,8652019,,,,,,,,,,,,,,,,,,,,
EPU_CATS_MIGRATION_FEAR_FEAR,WB_2432_FRAGILITY_CONFLICT_AND_VIOLENCE,11888113,,,,,,,,,,,,,,,,,,,,
GENERAL_GOVERNMENT,WB_2432_FRAGILITY_CONFLICT_AND_VIOLENCE,8914470,,,,,,,,,,,,,,,,,,,,
WB_2432_FRAGILITY_CONFLICT_AND_VIOLENCE,WB_2433_CONFLICT_AND_VIOLENCE,10124758,,,,,,,,,,,,,,,,,,,,
WB_2432_FRAGILITY_CONFLICT_AND_VIOLENCE,WB_678_DIGITAL_GOVERNMENT,11574386,,,,,,,,,,,,,,,,,,,,
WB_1014_CRIMINAL_JUSTICE,WB_2432_FRAGILITY_CONFLICT_AND_VIOLENCE,10656605,,,,,,,,,,,,,,,,,,,,
WB_2432_FRAGILITY_CONFLICT_AND_VIOLENCE,WB_831_GOVERNANCE,11080603,,,,,,,,,,,,,,,,,,,,
CRISISLEX_C07_SAFETY,TAX_FNCACT_HACKERS,144528,,,,,,,,,,,,,,,,,,,,
WB_133_INFORMATION_AND_COMMUNICATION_TECHNOLOGIES,WB_2432_FRAGILITY_CONFLICT_AND_VIOLENCE,12042661,,,,,,,,,,,,,,,,,,,,
WB_2432_FRAGILITY_CONFLICT_AND_VIOLENCE,WB_696_PUBLIC_SECTOR_MANAGEMENT,8819191,,,,,,,,,,,,,,,,,,,,
USPEC_POLICY1,WB_2432_FRAGILITY_CONFLICT_AND_VIOLENCE,16431049,,,,,,,,,,,,,,,,,,,,
WB_2432_FRAGILITY_CONFLICT_AND_VIOLENCE,WB_832_ANTI_CORRUPTION,10062574,,,,,,,,,,,,,,,,,,,,
WB_2432_FRAGILITY_CONFLICT_AND_VIOLENCE,WB_694_BROADCAST_AND_MEDIA,9708303,,,,,,,,,,,,,,,,,,,,
KILL,WB_2432_FRAGILITY_CONFLICT_AND_VIOLENCE,16611483,,,,,,,,,,,,,,,,,,,,
MANMADE_DISASTER_IMPLIED,WB_2432_FRAGILITY_CONFLICT_AND_VIOLENCE,16335808,,,,,,,,,,,,,,,,,,,,
EDUCATION,WB_2432_FRAGILITY_CONFLICT_AND_VIOLENCE,12014092,,,,,,,,,,,,,,,,,,,,
LEGISLATION,WB_840_JUSTICE,12833612,,,,,,,,,,,,,,,,,,,,
CRISISLEX_C07_SAFETY,LEGISLATION,13229006,,,,,,,,,,,,,,,,,,,,
ARMEDCONFLICT,LEGISLATION,6068249,,,,,,,,,,,,,,,,,,,,
EPU_ECONOMY_HISTORIC,LEGISLATION,8470226,,,,,,,,,,,,,,,,,,,,
CRISISLEX_CRISISLEXREC,LEGISLATION,16750152,,,,,,,,,,,,,,,,,,,,
LEGISLATION,SECURITY_SERVICES,9812566,,,,,,,,,,,,,,,,,,,,
LEGISLATION,WB_670_ICT_SECURITY,1381191,,,,,,,,,,,,,,,,,,,,
LEGISLATION,USPEC_POLITICS_GENERAL1,10080750,,,,,,,,,,,,,,,,,,,,
LEGISLATION,SOC_GENERALCRIME,6480205,,,,,,,,,,,,,,,,,,,,
LEGISLATION,USPEC_POLITICS_GENERAL1,9276504,,,,,,,,,,,,,,,,,,,,
LEGISLATION,MEDIA_MSM,11646393,,,,,,,,,,,,,,,,,,,,
EPU_POLICY_GOVERNMENT,LEGISLATION,9274347,,,,,,,,,,,,,,,,,,,,
LEADER,LEGISLATION,10998139,,,,,,,,,,,,,,,,,,,,
EPU_CATS_MIGRATION_FEAR_FEAR,LEGISLATION,5392894,,,,,,,,,,,,,,,,,,,,
GENERAL_GOVERNMENT,LEGISLATION,13559555,,,,,,,,,,,,,,,,,,,,
LEGISLATION,WB_2433_CONFLICT_AND_VIOLENCE,9550278,,,,,,,,,,,,,,,,,,,,
LEGISLATION,WB_678_DIGITAL_GOVERNMENT,7963425,,,,,,,,,,,,,,,,,,,,
LEGISLATION,WB_1014_CRIMINAL_JUSTICE,8659442,,,,,,,,,,,,,,,,,,,,
WB_696_PUBLIC_SECTOR_MANAGEMENT,WB_831_GOVERNANCE,8847499,,,,,,,,,,,,,,,,,,,,
LEGISLATION,TAX_FNCACT_HACKERS,141044,,,,,,,,,,,,,,,,,,,,
LEGISLATION,WB_133_INFORMATION_AND_COMMUNICATION_TECHNOLOGIES,7963416,,,,,,,,,,,,,,,,,,,,
LEGISLATION,WB_696_PUBLIC_SECTOR_MANAGEMENT,16814799,,,,,,,,,,,,,,,,,,,,
LEGISLATION,USPEC_POLICY1,15455017,,,,,,,,,,,,,,,,,,,,
WB_696_PUBLIC_SECTOR_MANAGEMENT,WB_832_ANTI_CORRUPTION,8037956,,,,,,,,,,,,,,,,,,,,
LEGISLATION,WB_694_BROADCAST_AND_MEDIA,8048883,,,,,,,,,,,,,,,,,,,,
EPU_POLICY_LAW,KILL,7003194,,,,,,,,,,,,,,,,,,,,
LEGISLATION,MANMADE_DISASTER_IMPLIED,10868087,,,,,,,,,,,,,,,,,,,,
EDUCATION,LEGISLATION,7476801,,,,,,,,,,,,,,,,,,,,
CRISISLEX_C07_SAFETY,WB_840_JUSTICE,11252132,,,,,,,,,,,,,,,,,,,,
WB_696_PUBLIC_SECTOR_MANAGEMENT,WB_840_JUSTICE,8803598,,,,,,,,,,,,,,,,,,,,
WB_696_PUBLIC_SECTOR_MANAGEMENT,WB_840_JUSTICE,9141039,,,,,,,,,,,,,,,,,,,,
CRISISLEX_CRISISLEXREC,WB_840_JUSTICE,11853646,,,,,,,,,,,,,,,,,,,,
SECURITY_SERVICES,WB_840_JUSTICE,14280513,,,,,,,,,,,,,,,,,,,,
WB_696_PUBLIC_SECTOR_MANAGEMENT,WB_840_JUSTICE,839080,,,,,,,,,,,,,,,,,,,,
USPEC_POLITICS_GENERAL1,WB_840_JUSTICE,16613451,,,,,,,,,,,,,,,,,,,,
WB_696_PUBLIC_SECTOR_MANAGEMENT,WB_840_JUSTICE,10013102,,,,,,,,,,,,,,,,,,,,
LEADER,USPEC_POLITICS_GENERAL1,9045689,,,,,,,,,,,,,,,,,,,,
WB_696_PUBLIC_SECTOR_MANAGEMENT,WB_840_JUSTICE,10881367,,,,,,,,,,,,,,,,,,,,
EPU_POLICY_GOVERNMENT,WB_840_JUSTICE,9907258,,,,,,,,,,,,,,,,,,,,
LEADER,WB_840_JUSTICE,11728947,,,,,,,,,,,,,,,,,,,,
WB_696_PUBLIC_SECTOR_MANAGEMENT,WB_840_JUSTICE,7964329,,,,,,,,,,,,,,,,,,,,
GENERAL_GOVERNMENT,WB_840_JUSTICE,14336758,,,,,,,,,,,,,,,,,,,,
WB_2433_CONFLICT_AND_VIOLENCE,WB_840_JUSTICE,10935074,,,,,,,,,,,,,,,,,,,,
WB_678_DIGITAL_GOVERNMENT,WB_840_JUSTICE,9384527,,,,,,,,,,,,,,,,,,,,
WB_1014_CRIMINAL_JUSTICE,WB_840_JUSTICE,24009585,,,,,,,,,,,,,,,,,,,,
WB_831_GOVERNANCE,WB_840_JUSTICE,17791877,,,,,,,,,,,,,,,,,,,,
WB_696_PUBLIC_SECTOR_MANAGEMENT,WB_840_JUSTICE,172412,,,,,,,,,,,,,,,,,,,,
WB_133_INFORMATION_AND_COMMUNICATION_TECHNOLOGIES,WB_840_JUSTICE,9384522,,,,,,,,,,,,,,,,,,,,
WB_696_PUBLIC_SECTOR_MANAGEMENT,WB_840_JUSTICE,11476438,,,,,,,,,,,,,,,,,,,,
USPEC_POLICY1,WB_840_JUSTICE,12573576,,,,,,,,,,,,,,,,,,,,
WB_832_ANTI_CORRUPTION,WB_840_JUSTICE,17048567,,,,,,,,,,,,,,,,,,,,
WB_694_BROADCAST_AND_MEDIA,WB_840_JUSTICE,7840820,,,,,,,,,,,,,,,,,,,,
WB_696_PUBLIC_SECTOR_MANAGEMENT,WB_840_JUSTICE,12373815,,,,,,,,,,,,,,,,,,,,
MANMADE_DISASTER_IMPLIED,WB_840_JUSTICE,12054464,,,,,,,,,,,,,,,,,,,,
WB_696_PUBLIC_SECTOR_MANAGEMENT,WB_840_JUSTICE,10674196,,,,,,,,,,,,,,,,,,,,
ARMEDCONFLICT,CRISISLEX_C07_SAFETY,11884494,,,,,,,,,,,,,,,,,,,,
CRISISLEX_C07_SAFETY,EPU_ECONOMY_HISTORIC,13304306,,,,,,,,,,,,,,,,,,,,
CRISISLEX_C07_SAFETY,CRISISLEX_CRISISLEXREC,9310658,,,,,,,,,,,,,,,,,,,,
CRISISLEX_C07_SAFETY,SECURITY_SERVICES,13771510,,,,,,,,,,,,,,,,,,,,
CRISISLEX_C07_SAFETY,WB_670_ICT_SECURITY,1746220,,,,,,,,,,,,,,,,,,,,
CRISISLEX_C07_SAFETY,USPEC_POLITICS_GENERAL1,9084382,,,,,,,,,,,,,,,,,,,,
CRISISLEX_C07_SAFETY,SOC_GENERALCRIME,13208689,,,,,,,,,,,,,,,,,,,,
CRISISLEX_C07_SAFETY,TAX_FNCACT_PRESIDENT,12345439,,,,,,,,,,,,,,,,,,,,
CRISISLEX_C07_SAFETY,MEDIA_MSM,17970531,,,,,,,,,,,,,,,,,,,,
CRISISLEX_C07_SAFETY,EPU_POLICY_GOVERNMENT,13568001,,,,,,,,,,,,,,,,,,,,
CRISISLEX_C07_SAFETY,LEADER,10973839,,,,,,,,,,,,,,,,,,,,
CRISISLEX_C07_SAFETY,EPU_CATS_MIGRATION_FEAR_FEAR,14069269,,,,,,,,,,,,,,,,,,,,
CRISISLEX_C07_SAFETY,GENERAL_GOVERNMENT,8276520,,,,,,,,,,,,,,,,,,,,
CRISISLEX_C07_SAFETY,WB_2433_CONFLICT_AND_VIOLENCE,19152092,,,,,,,,,,,,,,,,,,,,
CRISISLEX_C07_SAFETY,WB_678_DIGITAL_GOVERNMENT,13873314,,,,,,,,,,,,,,,,,,,,
CRISISLEX_C07_SAFETY,WB_1014_CRIMINAL_JUSTICE,16459601,,,,,,,,,,,,,,,,,,,,
CRISISLEX_C07_SAFETY,WB_831_GOVERNANCE,14370821,,,,,,,,,,,,,,,,,,,,
CRISISLEX_C07_SAFETY,TAX_FNCACT_HACKERS,406735,,,,,,,,,,,,,,,,,,,,
CRISISLEX_C07_SAFETY,WB_133_INFORMATION_AND_COMMUNICATION_TECHNOLOGIES,13873310,,,,,,,,,,,,,,,,,,,,
CRISISLEX_C07_SAFETY,WB_696_PUBLIC_SECTOR_MANAGEMENT,8322458,,,,,,,,,,,,,,,,,,,,
CRISISLEX_C07_SAFETY,USPEC_POLICY1,16744211,,,,,,,,,,,,,,,,,,,,
CRISISLEX_C07_SAFETY,WB_832_ANTI_CORRUPTION,13520131,,,,,,,,,,,,,,,,,,,,
CRISISLEX_C07_SAFETY,WB_694_BROADCAST_AND_MEDIA,11387128,,,,,,,,,,,,,,,,,,,,
CRISISLEX_C07_SAFETY,KILL,10346663,,,,,,,,,,,,,,,,,,,,
CRISISLEX_C07_SAFETY,MANMADE_DISASTER_IMPLIED,18950189,,,,,,,,,,,,,,,,,,,,
CRISISLEX_C07_SAFETY,EDUCATION,13482122,,,,,,,,,,,,,,,,,,,,
ARMEDCONFLICT,EPU_ECONOMY_HISTORIC,10883531,,,,,,,,,,,,,,,,,,,,
ARMEDCONFLICT,CRISISLEX_CRISISLEXREC,9935262,,,,,,,,,,,,,,,,,,,,
ARMEDCONFLICT,SECURITY_SERVICES,11995382,,,,,,,,,,,,,,,,,,,,
ARMEDCONFLICT,WB_670_ICT_SECURITY,786220,,,,,,,,,,,,,,,,,,,,
ARMEDCONFLICT,USPEC_POLITICS_GENERAL1,9446483,,,,,,,,,,,,,,,,,,,,
ARMEDCONFLICT,SOC_GENERALCRIME,7847225,,,,,,,,,,,,,,,,,,,,
ARMEDCONFLICT,LEADER,12270712,,,,,,,,,,,,,,,,,,,,
ARMEDCONFLICT,MEDIA_MSM,14673904,,,,,,,,,,,,,,,,,,,,
ARMEDCONFLICT,EPU_POLICY_GOVERNMENT,10129336,,,,,,,,,,,,,,,,,,,,
ARMEDCONFLICT,LEADER,12690274,,,,,,,,,,,,,,,,,,,,
ARMEDCONFLICT,EPU_CATS_MIGRATION_FEAR_FEAR,9946592,,,,,,,,,,,,,,,,,,,,
ARMEDCONFLICT,GENERAL_GOVERNMENT,15106842,,,,,,,,,,,,,,,,,,,,
ARMEDCONFLICT,WB_2433_CONFLICT_AND_VIOLENCE,16101674,,,,,,,,,,,,,,,,,,,,
ARMEDCONFLICT,WB_678_DIGITAL_GOVERNMENT,8215648,,,,,,,,,,,,,,,,,,,,
ARMEDCONFLICT,WB_840_JUSTICE,6995803,,,,,,,,,,,,,,,,,,,,
ARMEDCONFLICT,WB_831_GOVERNANCE,6560557,,,,,,,,,,,,,,,,,,,,
ARMEDCONFLICT,TAX_FNCACT_HACKERS,146952,,,,,,,,,,,,,,,,,,,,
ARMEDCONFLICT,WB_133_INFORMATION_AND_COMMUNICATION_TECHNOLOGIES,8215643,,,,,,,,,,,,,,,,,,,,
ARMEDCONFLICT,WB_696_PUBLIC_SECTOR_MANAGEMENT,12877835,,,,,,,,,,,,,,,,,,,,
ARMEDCONFLICT,USPEC_POLICY1,10592369,,,,,,,,,,,,,,,,,,,,
ARMEDCONFLICT,WB_831_GOVERNANCE,5948186,,,,,,,,,,,,,,,,,,,,
ARMEDCONFLICT,WB_694_BROADCAST_AND_MEDIA,7212158,,,,,,,,,,,,,,,,,,,,
ARMEDCONFLICT,KILL,16420513,,,,,,,,,,,,,,,,,,,,
ARMEDCONFLICT,MANMADE_DISASTER_IMPLIED,16260299,,,,,,,,,,,,,,,,,,,,
ARMEDCONFLICT,EDUCATION,11213599,,,,,,,,,,,,,,,,,,,,
CRISISLEX_CRISISLEXREC,EPU_ECONOMY_HISTORIC,10667912,,,,,,,,,,,,,,,,,,,,
EPU_ECONOMY_HISTORIC,SECURITY_SERVICES,8944264,,,,,,,,,,,,,,,,,,,,
EPU_ECONOMY_HISTORIC,WB_670_ICT_SECURITY,1418605,,,,,,,,,,,,,,,,,,,,
EPU_ECONOMY_HISTORIC,USPEC_POLITICS_GENERAL1,13051547,,,,,,,,,,,,,,,,,,,,
EPU_ECONOMY_HISTORIC,SOC_GENERALCRIME,6334020,,,,,,,,,,,,,,,,,,,,
EPU_ECONOMY_HISTORIC,TAX_FNCACT_PRESIDENT,11584044,,,,,,,,,,,,,,,,,,,,
EPU_ECONOMY_HISTORIC,MEDIA_MSM,18586713,,,,,,,,,,,,,,,,,,,,
EPU_ECONOMY_HISTORIC,EPU_POLICY_GOVERNMENT,10446721,,,,,,,,,,,,,,,,,,,,
EPU_ECONOMY_HISTORIC,LEADER,11708711,,,,,,,,,,,,,,,,,,,,
EPU_CATS_MIGRATION_FEAR_FEAR,EPU_ECONOMY_HISTORIC,7007499,,,,,,,,,,,,,,,,,,,,
EPU_ECONOMY_HISTORIC,GENERAL_GOVERNMENT,12626799,,,,,,,,,,,,,,,,,,,,
EPU_ECONOMY_HISTORIC,WB_2433_CONFLICT_AND_VIOLENCE,11499135,,,,,,,,,,,,,,,,,,,,
EPU_ECONOMY_HISTORIC,WB_678_DIGITAL_GOVERNMENT,11565913,,,,,,,,,,,,,,,,,,,,
EPU_ECONOMY_HISTORIC,WB_1014_CRIMINAL_JUSTICE,7381193,,,,,,,,,,,,,,,,,,,,
EPU_ECONOMY_HISTORIC,WB_831_GOVERNANCE,8471674,,,,,,,,,,,,,,,,,,,,
EPU_ECONOMY_HISTORIC,TAX_FNCACT_HACKERS,206203,,,,,,,,,,,,,,,,,,,,
EPU_ECONOMY_HISTORIC,WB_133_INFORMATION_AND_COMMUNICATION_TECHNOLOGIES,11565890,,,,,,,,,,,,,,,,,,,,
EPU_ECONOMY_HISTORIC,WB_696_PUBLIC_SECTOR_MANAGEMENT,10487243,,,,,,,,,,,,,,,,,,,,
EPU_ECONOMY_HISTORIC,USPEC_POLICY1,27625848,,,,,,,,,,,,,,,,,,,,
EPU_ECONOMY_HISTORIC,WB_832_ANTI_CORRUPTION,7281931,,,,,,,,,,,,,,,,,,,,
EPU_ECONOMY_HISTORIC,WB_694_BROADCAST_AND_MEDIA,9090893,,,,,,,,,,,,,,,,,,,,
EPU_ECONOMY_HISTORIC,KILL,11344343,,,,,,,,,,,,,,,,,,,,
EPU_ECONOMY_HISTORIC,MANMADE_DISASTER_IMPLIED,16330266,,,,,,,,,,,,,,,,,,,,
EDUCATION,EPU_ECONOMY_HISTORIC,11689991,,,,,,,,,,,,,,,,,,,,
CRISISLEX_CRISISLEXREC,SECURITY_SERVICES,10817065,,,,,,,,,,,,,,,,,,,,
CRISISLEX_CRISISLEXREC,WB_670_ICT_SECURITY,2117077,,,,,,,,,,,,,,,,,,,,
CRISISLEX_CRISISLEXREC,USPEC_POLITICS_GENERAL1,12498296,,,,,,,,,,,,,,,,,,,,
CRISISLEX_CRISISLEXREC,SOC_GENERALCRIME,17440791,,,,,,,,,,,,,,,,,,,,
CRISISLEX_CRISISLEXREC,TAX_FNCACT_PRESIDENT,16698321,,,,,,,,,,,,,,,,,,,,
CRISISLEX_CRISISLEXREC,MEDIA_MSM,8006405,,,,,,,,,,,,,,,,,,,,
CRISISLEX_CRISISLEXREC,EPU_POLICY_GOVERNMENT,8407377,,,,,,,,,,,,,,,,,,,,
CRISISLEX_CRISISLEXREC,LEADER,11102274,,,,,,,,,,,,,,,,,,,,
CRISISLEX_CRISISLEXREC,EPU_CATS_MIGRATION_FEAR_FEAR,18001650,,,,,,,,,,,,,,,,,,,,
CRISISLEX_CRISISLEXREC,GENERAL_GOVERNMENT,11601749,,,,,,,,,,,,,,,,,,,,
CRISISLEX_CRISISLEXREC,WB_2433_CONFLICT_AND_VIOLENCE,9308423,,,,,,,,,,,,,,,,,,,,
CRISISLEX_CRISISLEXREC,WB_678_DIGITAL_GOVERNMENT,17808594,,,,,,,,,,,,,,,,,,,,
CRISISLEX_CRISISLEXREC,WB_1014_CRIMINAL_JUSTICE,15846241,,,,,,,,,,,,,,,,,,,,
CRISISLEX_CRISISLEXREC,WB_831_GOVERNANCE,14531238,,,,,,,,,,,,,,,,,,,,
CRISISLEX_CRISISLEXREC,TAX_FNCACT_HACKERS,377493,,,,,,,,,,,,,,,,,,,,
CRISISLEX_CRISISLEXREC,WB_133_INFORMATION_AND_COMMUNICATION_TECHNOLOGIES,17808585,,,,,,,,,,,,,,,,,,,,
CRISISLEX_CRISISLEXREC,WB_696_PUBLIC_SECTOR_MANAGEMENT,10494760,,,,,,,,,,,,,,,,,,,,
CRISISLEX_CRISISLEXREC,USPEC_POLICY1,23355867,,,,,,,,,,,,,,,,,,,,
CRISISLEX_CRISISLEXREC,WB_832_ANTI_CORRUPTION,13396462,,,,,,,,,,,,,,,,,,,,
CRISISLEX_CRISISLEXREC,WB_694_BROADCAST_AND_MEDIA,14872229,,,,,,,,,,,,,,,,,,,,
CRISISLEX_CRISISLEXREC,KILL,9519428,,,,,,,,,,,,,,,,,,,,
CRISISLEX_CRISISLEXREC,MANMADE_DISASTER_IMPLIED,8368538,,,,,,,,,,,,,,,,,,,,
CRISISLEX_CRISISLEXREC,EDUCATION,20298712,,,,,,,,,,,,,,,,,,,,
SECURITY_SERVICES,WB_670_ICT_SECURITY,727816,,,,,,,,,,,,,,,,,,,,
SECURITY_SERVICES,USPEC_POLITICS_GENERAL1,10670390,,,,,,,,,,,,,,,,,,,,
SECURITY_SERVICES,SOC_GENERALCRIME,12981127,,,,,,,,,,,,,,,,,,,,
SECURITY_SERVICES,USPEC_POLITICS_GENERAL1,7802783,,,,,,,,,,,,,,,,,,,,
CRISISLEX_C07_SAFETY,MEDIA_MSM,12638544,,,,,,,,,,,,,,,,,,,,
CRISISLEX_C07_SAFETY,EPU_POLICY_GOVERNMENT,8466795,,,,,,,,,,,,,,,,,,,,
CRISISLEX_C07_SAFETY,LEADER,13838341,,,,,,,,,,,,,,,,,,,,
CRISISLEX_C07_SAFETY,EPU_CATS_MIGRATION_FEAR_FEAR,9752728,,,,,,,,,,,,,,,,,,,,
CRISISLEX_C07_SAFETY,GENERAL_GOVERNMENT,12550064,,,,,,,,,,,,,,,,,,,,
SECURITY_SERVICES,WB_2433_CONFLICT_AND_VIOLENCE,11286840,,,,,,,,,,,,,,,,,,,,
SECURITY_SERVICES,WB_678_DIGITAL_GOVERNMENT,7385474,,,,,,,,,,,,,,,,,,,,
SECURITY_SERVICES,WB_1014_CRIMINAL_JUSTICE,11973631,,,,,,,,,,,,,,,,,,,,
SECURITY_SERVICES,WB_831_GOVERNANCE,10246608,,,,,,,,,,,,,,,,,,,,
SECURITY_SERVICES,TAX_FNCACT_HACKERS,143956,,,,,,,,,,,,,,,,,,,,
SECURITY_SERVICES,WB_133_INFORMATION_AND_COMMUNICATION_TECHNOLOGIES,7385474,,,,,,,,,,,,,,,,,,,,
SECURITY_SERVICES,WB_696_PUBLIC_SECTOR_MANAGEMENT,16939098,,,,,,,,,,,,,,,,,,,,
SECURITY_SERVICES,USPEC_POLICY1,11215084,,,,,,,,,,,,,,,,,,,,
SECURITY_SERVICES,WB_832_ANTI_CORRUPTION,9762599,,,,,,,,,,,,,,,,,,,,
SECURITY_SERVICES,WB_694_BROADCAST_AND_MEDIA,8757615,,,,,,,,,,,,,,,,,,,,
KILL,SECURITY_SERVICES,13715982,,,,,,,,,,,,,,,,,,,,
MANMADE_DISASTER_IMPLIED,SECURITY_SERVICES,14827567,,,,,,,,,,,,,,,,,,,,
CRISISLEX_C07_SAFETY,EDUCATION,10179672,,,,,,,,,,,,,,,,,,,,
WB_670_ICT_SECURITY,WB_678_DIGITAL_GOVERNMENT,1377608,,,,,,,,,,,,,,,,,,,,
WB_133_INFORMATION_AND_COMMUNICATION_TECHNOLOGIES,WB_678_DIGITAL_GOVERNMENT,359122,,,,,,,,,,,,,,,,,,,,
LEADER,USPEC_POLITICS_GENERAL1,598809,,,,,,,,,,,,,,,,,,,,
WB_670_ICT_SECURITY,WB_678_DIGITAL_GOVERNMENT,1031517,,,,,,,,,,,,,,,,,,,,
EPU_POLICY_GOVERNMENT,GENERAL_GOVERNMENT,782643,,,,,,,,,,,,,,,,,,,,
WB_670_ICT_SECURITY,WB_678_DIGITAL_GOVERNMENT,1050563,,,,,,,,,,,,,,,,,,,,
WB_670_ICT_SECURITY,WB_678_DIGITAL_GOVERNMENT,474742,,,,,,,,,,,,,,,,,,,,
WB_670_ICT_SECURITY,WB_678_DIGITAL_GOVERNMENT,1077575,,,,,,,,,,,,,,,,,,,,
WB_133_INFORMATION_AND_COMMUNICATION_TECHNOLOGIES,WB_2433_CONFLICT_AND_VIOLENCE,881360,,,,,,,,,,,,,,,,,,,,
WB_670_ICT_SECURITY,WB_678_DIGITAL_GOVERNMENT,455668,,,,,,,,,,,,,,,,,,,,
WB_670_ICT_SECURITY,WB_840_JUSTICE,737260,,,,,,,,,,,,,,,,,,,,
WB_670_ICT_SECURITY,WB_831_GOVERNANCE,720273,,,,,,,,,,,,,,,,,,,,
WB_133_INFORMATION_AND_COMMUNICATION_TECHNOLOGIES,WB_678_DIGITAL_GOVERNMENT,117383,,,,,,,,,,,,,,,,,,,,
WB_133_INFORMATION_AND_COMMUNICATION_TECHNOLOGIES,WB_670_ICT_SECURITY,455697,,,,,,,,,,,,,,,,,,,,
WB_670_ICT_SECURITY,WB_696_PUBLIC_SECTOR_MANAGEMENT,1731876,,,,,,,,,,,,,,,,,,,,
WB_670_ICT_SECURITY,WB_678_DIGITAL_GOVERNMENT,1393803,,,,,,,,,,,,,,,,,,,,
WB_670_ICT_SECURITY,WB_832_ANTI_CORRUPTION,626765,,,,,,,,,,,,,,,,,,,,
WB_670_ICT_SECURITY,WB_694_BROADCAST_AND_MEDIA,919147,,,,,,,,,,,,,,,,,,,,
WB_670_ICT_SECURITY,WB_678_DIGITAL_GOVERNMENT,649194,,,,,,,,,,,,,,,,,,,,
WB_670_ICT_SECURITY,WB_678_DIGITAL_GOVERNMENT,662783,,,,,,,,,,,,,,,,,,,,
WB_670_ICT_SECURITY,WB_678_DIGITAL_GOVERNMENT,781420,,,,,,,,,,,,,,,,,,,,
LEADER,SOC_GENERALCRIME,7171821,,,,,,,,,,,,,,,,,,,,
TAX_FNCACT_PRESIDENT,USPEC_POLITICS_GENERAL1,13329076,,,,,,,,,,,,,,,,,,,,
MEDIA_MSM,USPEC_POLITICS_GENERAL1,8598147,,,,,,,,,,,,,,,,,,,,
EPU_POLICY_GOVERNMENT,USPEC_POLITICS_GENERAL1,10982593,,,,,,,,,,,,,,,,,,,,
LEADER,USPEC_POLITICS_GENERAL1,18407095,,,,,,,,,,,,,,,,,,,,
EPU_CATS_MIGRATION_FEAR_FEAR,USPEC_POLITICS_GENERAL1,11016763,,,,,,,,,,,,,,,,,,,,
GENERAL_GOVERNMENT,USPEC_POLITICS_GENERAL1,15638066,,,,,,,,,,,,,,,,,,,,
USPEC_POLITICS_GENERAL1,WB_2433_CONFLICT_AND_VIOLENCE,15886453,,,,,,,,,,,,,,,,,,,,
USPEC_POLITICS_GENERAL1,WB_678_DIGITAL_GOVERNMENT,16139182,,,,,,,,,,,,,,,,,,,,
USPEC_POLITICS_GENERAL1,WB_1014_CRIMINAL_JUSTICE,11353358,,,,,,,,,,,,,,,,,,,,
USPEC_POLITICS_GENERAL1,WB_831_GOVERNANCE,12326101,,,,,,,,,,,,,,,,,,,,
CYBER_ATTACK,TAX_FNCACT_HACKERS,203952,,,,,,,,,,,,,,,,,,,,
USPEC_POLITICS_GENERAL1,WB_133_INFORMATION_AND_COMMUNICATION_TECHNOLOGIES,16884650,,,,,,,,,,,,,,,,,,,,
USPEC_POLITICS_GENERAL1,WB_696_PUBLIC_SECTOR_MANAGEMENT,12104930,,,,,,,,,,,,,,,,,,,,
USPEC_POLICY1,USPEC_POLITICS_GENERAL1,28575730,,,,,,,,,,,,,,,,,,,,
USPEC_POLITICS_GENERAL1,WB_832_ANTI_CORRUPTION,10651941,,,,,,,,,,,,,,,,,,,,
USPEC_POLITICS_GENERAL1,WB_694_BROADCAST_AND_MEDIA,13476703,,,,,,,,,,,,,,,,,,,,
KILL,USPEC_POLITICS_GENERAL1,14491832,,,,,,,,,,,,,,,,,,,,
MANMADE_DISASTER_IMPLIED,USPEC_POLITICS_GENERAL1,16884352,,,,,,,,,,,,,,,,,,,,
EDUCATION,USPEC_POLITICS_GENERAL1,17496283,,,,,,,,,,,,,,,,,,,,
SOC_GENERALCRIME,USPEC_POLITICS_GENERAL1,5473009,,,,,,,,,,,,,,,,,,,,
CRISISLEX_C07_SAFETY,MEDIA_MSM,6797802,,,,,,,,,,,,,,,,,,,,
CRISISLEX_C07_SAFETY,EPU_POLICY_GOVERNMENT,4589406,,,,,,,,,,,,,,,,,,,,
SOC_GENERALCRIME,USPEC_POLITICS_GENERAL1,7636040,,,,,,,,,,,,,,,,,,,,
EPU_CATS_MIGRATION_FEAR_FEAR,SOC_GENERALCRIME,8741750,,,,,,,,,,,,,,,,,,,,
CRISISLEX_C07_SAFETY,GENERAL_GOVERNMENT,6867346,,,,,,,,,,,,,,,,,,,,
SOC_GENERALCRIME,WB_2433_CONFLICT_AND_VIOLENCE,9310292,,,,,,,,,,,,,,,,,,,,
SOC_GENERALCRIME,WB_678_DIGITAL_GOVERNMENT,6803828,,,,,,,,,,,,,,,,,,,,
SOC_GENERALCRIME,WB_1014_CRIMINAL_JUSTICE,8663183,,,,,,,,,,,,,,,,,,,,
SOC_GENERALCRIME,WB_831_GOVERNANCE,7425093,,,,,,,,,,,,,,,,,,,,
SOC_GENERALCRIME,TAX_FNCACT_HACKERS,99393,,,,,,,,,,,,,,,,,,,,
SOC_GENERALCRIME,WB_133_INFORMATION_AND_COMMUNICATION_TECHNOLOGIES,7060951,,,,,,,,,,,,,,,,,,,,
SOC_GENERALCRIME,WB_696_PUBLIC_SECTOR_MANAGEMENT,12377826,,,,,,,,,,,,,,,,,,,,
SOC_GENERALCRIME,USPEC_POLICY1,7994267,,,,,,,,,,,,,,,,,,,,
SOC_GENERALCRIME,WB_832_ANTI_CORRUPTION,7099029,,,,,,,,,,,,,,,,,,,,
SOC_GENERALCRIME,WB_694_BROADCAST_AND_MEDIA,5821418,,,,,,,,,,,,,,,,,,,,
KILL,SOC_GENERALCRIME,8948010,,,,,,,,,,,,,,,,,,,,
CRISISLEX_C07_SAFETY,MANMADE_DISASTER_IMPLIED,8394965,,,,,,,,,,,,,,,,,,,,
CRISISLEX_C07_SAFETY,EDUCATION,5412339,,,,,,,,,,,,,,,,,,,,
MEDIA_MSM,TAX_FNCACT_PRESIDENT,11328412,,,,,,,,,,,,,,,,,,,,
EPU_POLICY_GOVERNMENT,TAX_FNCACT_PRESIDENT,12213037,,,,,,,,,,,,,,,,,,,,
LEADER,TAX_FNCACT_PRESIDENT,13227402,,,,,,,,,,,,,,,,,,,,
LEADER,USPEC_POLITICS_GENERAL1,6116635,,,,,,,,,,,,,,,,,,,,
GENERAL_GOVERNMENT,TAX_FNCACT_PRESIDENT,8282532,,,,,,,,,,,,,,,,,,,,
LEADER,WB_2433_CONFLICT_AND_VIOLENCE,11657821,,,,,,,,,,,,,,,,,,,,
TAX_FNCACT_PRESIDENT,WB_678_DIGITAL_GOVERNMENT,8355819,,,,,,,,,,,,,,,,,,,,
LEADER,WB_1014_CRIMINAL_JUSTICE,5964918,,,,,,,,,,,,,,,,,,,,
LEADER,WB_831_GOVERNANCE,6374899,,,,,,,,,,,,,,,,,,,,
LEADER,TAX_FNCACT_HACKERS,149254,,,,,,,,,,,,,,,,,,,,
TAX_FNCACT_PRESIDENT,WB_133_INFORMATION_AND_COMMUNICATION_TECHNOLOGIES,8355811,,,,,,,,,,,,,,,,,,,,
TAX_FNCACT_PRESIDENT,WB_696_PUBLIC_SECTOR_MANAGEMENT,13715848,,,,,,,,,,,,,,,,,,,,
TAX_FNCACT_PRESIDENT,USPEC_POLICY1,14345450,,,,,,,,,,,,,,,,,,,,
LEADER,WB_832_ANTI_CORRUPTION,5517116,,,,,,,,,,,,,,,,,,,,
TAX_FNCACT_PRESIDENT,WB_694_BROADCAST_AND_MEDIA,7126273,,,,,,,,,,,,,,,,,,,,
LEADER,USPEC_POLITICS_GENERAL1,10242769,,,,,,,,,,,,,,,,,,,,
LEADER,MANMADE_DISASTER_IMPLIED,12315149,,,,,,,,,,,,,,,,,,,,
LEADER,USPEC_POLITICS_GENERAL1,10919930,,,,,,,,,,,,,,,,,,,,
EPU_POLICY_GOVERNMENT,MEDIA_MSM,11053537,,,,,,,,,,,,,,,,,,,,
LEADER,MEDIA_MSM,14345436,,,,,,,,,,,,,,,,,,,,
EPU_CATS_MIGRATION_FEAR_FEAR,MEDIA_MSM,7535196,,,,,,,,,,,,,,,,,,,,
GENERAL_GOVERNMENT,MEDIA_MSM,16434383,,,,,,,,,,,,,,,,,,,,
MEDIA_MSM,WB_2433_CONFLICT_AND_VIOLENCE,10952844,,,,,,,,,,,,,,,,,,,,
MEDIA_MSM,WB_678_DIGITAL_GOVERNMENT,16919207,,,,,,,,,,,,,,,,,,,,
MEDIA_MSM,WB_840_JUSTICE,9442043,,,,,,,,,,,,,,,,,,,,
MEDIA_MSM,WB_831_GOVERNANCE,9460583,,,,,,,,,,,,,,,,,,,,
MEDIA_MSM,TAX_FNCACT_HACKERS,202770,,,,,,,,,,,,,,,,,,,,
MEDIA_MSM,WB_133_INFORMATION_AND_COMMUNICATION_TECHNOLOGIES,16919201,,,,,,,,,,,,,,,,,,,,
MEDIA_MSM,WB_696_PUBLIC_SECTOR_MANAGEMENT,17483036,,,,,,,,,,,,,,,,,,,,
MEDIA_MSM,USPEC_POLICY1,15891007,,,,,,,,,,,,,,,,,,,,
MEDIA_MSM,WB_832_ANTI_CORRUPTION,8579519,,,,,,,,,,,,,,,,,,,,
MEDIA_MSM,WB_694_BROADCAST_AND_MEDIA,15138920,,,,,,,,,,,,,,,,,,,,
KILL,MEDIA_MSM,10945825,,,,,,,,,,,,,,,,,,,,
MANMADE_DISASTER_IMPLIED,MEDIA_MSM,12986472,,,,,,,,,,,,,,,,,,,,
EDUCATION,MEDIA_MSM,11631157,,,,,,,,,,,,,,,,,,,,
EPU_POLICY_GOVERNMENT,LEADER,10141088,,,,,,,,,,,,,,,,,,,,
EPU_POLICY_GOVERNMENT,GENERAL_GOVERNMENT,7656627,,,,,,,,,,,,,,,,,,,,
EPU_POLICY_GOVERNMENT,GENERAL_GOVERNMENT,17134168,,,,,,,,,,,,,,,,,,,,
EPU_POLICY_GOVERNMENT,WB_2433_CONFLICT_AND_VIOLENCE,9829288,,,,,,,,,,,,,,,,,,,,
EPU_POLICY_GOVERNMENT,WB_678_DIGITAL_GOVERNMENT,8653241,,,,,,,,,,,,,,,,,,,,
Unexpected exception in query operation:,,,,,,,,,,,,,,,,,,,,,,
EPU_POLICY_GOVERNMENT,WB_831_GOVERNANCE,7162831,,,,,,,,,,,,,,,,,,,,
EPU_POLICY_GOVERNMENT,TAX_FNCACT_HACKERS,194060,,,,,,,,,,,,,,,,,,,,
EPU_POLICY_GOVERNMENT,WB_133_INFORMATION_AND_COMMUNICATION_TECHNOLOGIES,9419722,,,,,,,,,,,,,,,,,,,,
EPU_POLICY_GOVERNMENT,WB_696_PUBLIC_SECTOR_MANAGEMENT,15344536,,,,,,,,,,,,,,,,,,,,
EPU_POLICY_GOVERNMENT,USPEC_POLICY1,18586153,,,,,,,,,,,,,,,,,,,,
EPU_POLICY_GOVERNMENT,WB_832_ANTI_CORRUPTION,6023191,,,,,,,,,,,,,,,,,,,,
EPU_POLICY_GOVERNMENT,WB_694_BROADCAST_AND_MEDIA,7161190,,,,,,,,,,,,,,,,,,,,
EPU_POLICY_GOVERNMENT,KILL,11299480,,,,,,,,,,,,,,,,,,,,
EPU_POLICY_GOVERNMENT,MANMADE_DISASTER_IMPLIED,10418655,,,,,,,,,,,,,,,,,,,,
EDUCATION,EPU_POLICY_GOVERNMENT,9647323,,,,,,,,,,,,,,,,,,,,
EPU_CATS_MIGRATION_FEAR_FEAR,LEADER,9097534,,,,,,,,,,,,,,,,,,,,
GENERAL_GOVERNMENT,LEADER,13988784,,,,,,,,,,,,,,,,,,,,
LEADER,WB_2433_CONFLICT_AND_VIOLENCE,14711249,,,,,,,,,,,,,,,,,,,,
LEADER,WB_678_DIGITAL_GOVERNMENT,11082181,,,,,,,,,,,,,,,,,,,,
LEADER,WB_1014_CRIMINAL_JUSTICE,10133471,,,,,,,,,,,,,,,,,,,,
LEADER,WB_831_GOVERNANCE,10912843,,,,,,,,,,,,,,,,,,,,
LEADER,TAX_FNCACT_HACKERS,216259,,,,,,,,,,,,,,,,,,,,
LEADER,WB_133_INFORMATION_AND_COMMUNICATION_TECHNOLOGIES,11602379,,,,,,,,,,,,,,,,,,,,
LEADER,WB_696_PUBLIC_SECTOR_MANAGEMENT,10220940,,,,,,,,,,,,,,,,,,,,
LEADER,USPEC_POLICY1,24761518,,,,,,,,,,,,,,,,,,,,
LEADER,WB_832_ANTI_CORRUPTION,9454332,,,,,,,,,,,,,,,,,,,,
LEADER,WB_694_BROADCAST_AND_MEDIA,11219844,,,,,,,,,,,,,,,,,,,,
LEADER,USPEC_POLITICS_GENERAL1,13470603,,,,,,,,,,,,,,,,,,,,
LEADER,MANMADE_DISASTER_IMPLIED,11934662,,,,,,,,,,,,,,,,,,,,
EDUCATION,LEADER,12079801,,,,,,,,,,,,,,,,,,,,
EPU_CATS_MIGRATION_FEAR_FEAR,GENERAL_GOVERNMENT,9808858,,,,,,,,,,,,,,,,,,,,
EPU_CATS_MIGRATION_FEAR_FEAR,WB_2433_CONFLICT_AND_VIOLENCE,10131315,,,,,,,,,,,,,,,,,,,,
EPU_CATS_MIGRATION_FEAR_FEAR,WB_678_DIGITAL_GOVERNMENT,8477591,,,,,,,,,,,,,,,,,,,,
EPU_CATS_MIGRATION_FEAR_FEAR,WB_1014_CRIMINAL_JUSTICE,6577038,,,,,,,,,,,,,,,,,,,,
EPU_CATS_MIGRATION_FEAR_FEAR,TAX_FNCACT_HACKERS,125204,,,,,,,,,,,,,,,,,,,,
EPU_CATS_MIGRATION_FEAR_FEAR,WB_133_INFORMATION_AND_COMMUNICATION_TECHNOLOGIES,8862148,,,,,,,,,,,,,,,,,,,,
EPU_CATS_MIGRATION_FEAR_FEAR,WB_696_PUBLIC_SECTOR_MANAGEMENT,13764610,,,,,,,,,,,,,,,,,,,,
EPU_CATS_MIGRATION_FEAR_FEAR,USPEC_POLICY1,9154714,,,,,,,,,,,,,,,,,,,,
EPU_CATS_MIGRATION_FEAR_FEAR,WB_832_ANTI_CORRUPTION,5823022,,,,,,,,,,,,,,,,,,,,
EPU_CATS_MIGRATION_FEAR_FEAR,WB_694_BROADCAST_AND_MEDIA,7164325,,,,,,,,,,,,,,,,,,,,
EPU_CATS_MIGRATION_FEAR_FEAR,KILL,10588948,,,,,,,,,,,,,,,,,,,,
EPU_CATS_MIGRATION_FEAR_FEAR,MANMADE_DISASTER_IMPLIED,12195693,,,,,,,,,,,,,,,,,,,,
EDUCATION,EPU_CATS_MIGRATION_FEAR_FEAR,6205509,,,,,,,,,,,,,,,,,,,,
GENERAL_GOVERNMENT,WB_2433_CONFLICT_AND_VIOLENCE,14578491,,,,,,,,,,,,,,,,,,,,
GENERAL_GOVERNMENT,WB_678_DIGITAL_GOVERNMENT,12938562,,,,,,,,,,,,,,,,,,,,
GENERAL_GOVERNMENT,WB_1014_CRIMINAL_JUSTICE,9656773,,,,,,,,,,,,,,,,,,,,
GENERAL_GOVERNMENT,WB_831_GOVERNANCE,10635267,,,,,,,,,,,,,,,,,,,,
GENERAL_GOVERNMENT,TAX_FNCACT_HACKERS,248380,,,,,,,,,,,,,,,,,,,,
GENERAL_GOVERNMENT,WB_133_INFORMATION_AND_COMMUNICATION_TECHNOLOGIES,13641639,,,,,,,,,,,,,,,,,,,,
GENERAL_GOVERNMENT,WB_696_PUBLIC_SECTOR_MANAGEMENT,11120685,,,,,,,,,,,,,,,,,,,,
GENERAL_GOVERNMENT,USPEC_POLICY1,25891949,,,,,,,,,,,,,,,,,,,,
GENERAL_GOVERNMENT,WB_832_ANTI_CORRUPTION,9072187,,,,,,,,,,,,,,,,,,,,
GENERAL_GOVERNMENT,WB_694_BROADCAST_AND_MEDIA,10764268,,,,,,,,,,,,,,,,,,,,
GENERAL_GOVERNMENT,KILL,12984182,,,,,,,,,,,,,,,,,,,,
GENERAL_GOVERNMENT,MANMADE_DISASTER_IMPLIED,15055135,,,,,,,,,,,,,,,,,,,,
EDUCATION,GENERAL_GOVERNMENT,13990945,,,,,,,,,,,,,,,,,,,,
WB_2433_CONFLICT_AND_VIOLENCE,WB_678_DIGITAL_GOVERNMENT,8146843,,,,,,,,,,,,,,,,,,,,
WB_2433_CONFLICT_AND_VIOLENCE,WB_840_JUSTICE,8091919,,,,,,,,,,,,,,,,,,,,
WB_2433_CONFLICT_AND_VIOLENCE,WB_831_GOVERNANCE,7777007,,,,,,,,,,,,,,,,,,,,
WB_2432_FRAGILITY_CONFLICT_AND_VIOLENCE,WB_2433_CONFLICT_AND_VIOLENCE,91450,,,,,,,,,,,,,,,,,,,,
WB_133_INFORMATION_AND_COMMUNICATION_TECHNOLOGIES,WB_2433_CONFLICT_AND_VIOLENCE,8146842,,,,,,,,,,,,,,,,,,,,
WB_2433_CONFLICT_AND_VIOLENCE,WB_696_PUBLIC_SECTOR_MANAGEMENT,15050355,,,,,,,,,,,,,,,,,,,,
USPEC_POLICY1,WB_2433_CONFLICT_AND_VIOLENCE,11222522,,,,,,,,,,,,,,,,,,,,
WB_2433_CONFLICT_AND_VIOLENCE,WB_832_ANTI_CORRUPTION,7096444,,,,,,,,,,,,,,,,,,,,
WB_2433_CONFLICT_AND_VIOLENCE,WB_694_BROADCAST_AND_MEDIA,7067586,,,,,,,,,,,,,,,,,,,,
KILL,WB_2433_CONFLICT_AND_VIOLENCE,12591542,,,,,,,,,,,,,,,,,,,,
MANMADE_DISASTER_IMPLIED,WB_2433_CONFLICT_AND_VIOLENCE,12219004,,,,,,,,,,,,,,,,,,,,
WB_2432_FRAGILITY_CONFLICT_AND_VIOLENCE,WB_2433_CONFLICT_AND_VIOLENCE,9708063,,,,,,,,,,,,,,,,,,,,
WB_678_DIGITAL_GOVERNMENT,WB_840_JUSTICE,7649916,,,,,,,,,,,,,,,,,,,,
WB_678_DIGITAL_GOVERNMENT,WB_831_GOVERNANCE,7756717,,,,,,,,,,,,,,,,,,,,
WB_133_INFORMATION_AND_COMMUNICATION_TECHNOLOGIES,WB_678_DIGITAL_GOVERNMENT,287969,,,,,,,,,,,,,,,,,,,,
WB_133_INFORMATION_AND_COMMUNICATION_TECHNOLOGIES,WB_678_DIGITAL_GOVERNMENT,12578327,,,,,,,,,,,,,,,,,,,,
WB_678_DIGITAL_GOVERNMENT,WB_696_PUBLIC_SECTOR_MANAGEMENT,14819371,,,,,,,,,,,,,,,,,,,,
USPEC_POLICY1,WB_678_DIGITAL_GOVERNMENT,13954194,,,,,,,,,,,,,,,,,,,,
WB_678_DIGITAL_GOVERNMENT,WB_832_ANTI_CORRUPTION,6915795,,,,,,,,,,,,,,,,,,,,
WB_678_DIGITAL_GOVERNMENT,WB_694_BROADCAST_AND_MEDIA,9985575,,,,,,,,,,,,,,,,,,,,
KILL,WB_678_DIGITAL_GOVERNMENT,8731958,,,,,,,,,,,,,,,,,,,,
MANMADE_DISASTER_IMPLIED,WB_678_DIGITAL_GOVERNMENT,10593885,,,,,,,,,,,,,,,,,,,,
EDUCATION,WB_678_DIGITAL_GOVERNMENT,10094900,,,,,,,,,,,,,,,,,,,,
WB_1014_CRIMINAL_JUSTICE,WB_831_GOVERNANCE,15917358,,,,,,,,,,,,,,,,,,,,
WB_1014_CRIMINAL_JUSTICE,WB_696_PUBLIC_SECTOR_MANAGEMENT,148330,,,,,,,,,,,,,,,,,,,,
WB_1014_CRIMINAL_JUSTICE,WB_133_INFORMATION_AND_COMMUNICATION_TECHNOLOGIES,7959109,,,,,,,,,,,,,,,,,,,,
WB_1014_CRIMINAL_JUSTICE,WB_696_PUBLIC_SECTOR_MANAGEMENT,25244641,,,,,,,,,,,,,,,,,,,,
WB_1014_CRIMINAL_JUSTICE,WB_696_PUBLIC_SECTOR_MANAGEMENT,7103745,,,,,,,,,,,,,,,,,,,,
WB_1014_CRIMINAL_JUSTICE,WB_832_ANTI_CORRUPTION,15635635,,,,,,,,,,,,,,,,,,,,
WB_1014_CRIMINAL_JUSTICE,WB_694_BROADCAST_AND_MEDIA,6272287,,,,,,,,,,,,,,,,,,,,
WB_1014_CRIMINAL_JUSTICE,WB_696_PUBLIC_SECTOR_MANAGEMENT,8787871,,,,,,,,,,,,,,,,,,,,
WB_1014_CRIMINAL_JUSTICE,WB_696_PUBLIC_SECTOR_MANAGEMENT,8508169,,,,,,,,,,,,,,,,,,,,
WB_1014_CRIMINAL_JUSTICE,WB_696_PUBLIC_SECTOR_MANAGEMENT,6281528,,,,,,,,,,,,,,,,,,,,
WB_696_PUBLIC_SECTOR_MANAGEMENT,WB_831_GOVERNANCE,145668,,,,,,,,,,,,,,,,,,,,
WB_2024_ANTI_CORRUPTION_AUTHORITIES,WB_678_DIGITAL_GOVERNMENT,6032384,,,,,,,,,,,,,,,,,,,,
WB_696_PUBLIC_SECTOR_MANAGEMENT,WB_831_GOVERNANCE,25691224,,,,,,,,,,,,,,,,,,,,
WB_696_PUBLIC_SECTOR_MANAGEMENT,WB_831_GOVERNANCE,7431324,,,,,,,,,,,,,,,,,,,,
WB_831_GOVERNANCE,WB_832_ANTI_CORRUPTION,21220565,,,,,,,,,,,,,,,,,,,,
WB_2024_ANTI_CORRUPTION_AUTHORITIES,WB_694_BROADCAST_AND_MEDIA,4949682,,,,,,,,,,,,,,,,,,,,
WB_696_PUBLIC_SECTOR_MANAGEMENT,WB_831_GOVERNANCE,7676591,,,,,,,,,,,,,,,,,,,,
WB_696_PUBLIC_SECTOR_MANAGEMENT,WB_831_GOVERNANCE,7721717,,,,,,,,,,,,,,,,,,,,
WB_696_PUBLIC_SECTOR_MANAGEMENT,WB_831_GOVERNANCE,6512980,,,,,,,,,,,,,,,,,,,,
TAX_FNCACT_HACKERS,WB_133_INFORMATION_AND_COMMUNICATION_TECHNOLOGIES,322384,,,,,,,,,,,,,,,,,,,,
TAX_FNCACT_HACKERS,WB_696_PUBLIC_SECTOR_MANAGEMENT,275871,,,,,,,,,,,,,,,,,,,,
TAX_FNCACT_HACKERS,USPEC_POLICY1,219800,,,,,,,,,,,,,,,,,,,,
TAX_FNCACT_HACKERS,WB_696_PUBLIC_SECTOR_MANAGEMENT,154103,,,,,,,,,,,,,,,,,,,,
TAX_FNCACT_HACKERS,WB_694_BROADCAST_AND_MEDIA,153077,,,,,,,,,,,,,,,,,,,,
CYBER_ATTACK,KILL,121980,,,,,,,,,,,,,,,,,,,,
CYBER_ATTACK,MANMADE_DISASTER_IMPLIED,147120,,,,,,,,,,,,,,,,,,,,
CYBER_ATTACK,EDUCATION,135361,,,,,,,,,,,,,,,,,,,,
WB_133_INFORMATION_AND_COMMUNICATION_TECHNOLOGIES,WB_696_PUBLIC_SECTOR_MANAGEMENT,15513520,,,,,,,,,,,,,,,,,,,,
USPEC_POLICY1,WB_133_INFORMATION_AND_COMMUNICATION_TECHNOLOGIES,14763252,,,,,,,,,,,,,,,,,,,,
WB_133_INFORMATION_AND_COMMUNICATION_TECHNOLOGIES,WB_832_ANTI_CORRUPTION,7228912,,,,,,,,,,,,,,,,,,,,
WB_133_INFORMATION_AND_COMMUNICATION_TECHNOLOGIES,WB_694_BROADCAST_AND_MEDIA,10002772,,,,,,,,,,,,,,,,,,,,
KILL,WB_133_INFORMATION_AND_COMMUNICATION_TECHNOLOGIES,8731957,,,,,,,,,,,,,,,,,,,,
MANMADE_DISASTER_IMPLIED,WB_133_INFORMATION_AND_COMMUNICATION_TECHNOLOGIES,10593879,,,,,,,,,,,,,,,,,,,,
EDUCATION,WB_133_INFORMATION_AND_COMMUNICATION_TECHNOLOGIES,10094894,,,,,,,,,,,,,,,,,,,,
USPEC_POLICY1,WB_696_PUBLIC_SECTOR_MANAGEMENT,21876443,,,,,,,,,,,,,,,,,,,,
WB_696_PUBLIC_SECTOR_MANAGEMENT,WB_832_ANTI_CORRUPTION,23103746,,,,,,,,,,,,,,,,,,,,
WB_694_BROADCAST_AND_MEDIA,WB_696_PUBLIC_SECTOR_MANAGEMENT,12149123,,,,,,,,,,,,,,,,,,,,
KILL,WB_696_PUBLIC_SECTOR_MANAGEMENT,15338462,,,,,,,,,,,,,,,,,,,,
MANMADE_DISASTER_IMPLIED,WB_696_PUBLIC_SECTOR_MANAGEMENT,17645461,,,,,,,,,,,,,,,,,,,,
EDUCATION,WB_696_PUBLIC_SECTOR_MANAGEMENT,16293689,,,,,,,,,,,,,,,,,,,,
USPEC_POLICY1,WB_832_ANTI_CORRUPTION,8852792,,,,,,,,,,,,,,,,,,,,
USPEC_POLICY1,WB_694_BROADCAST_AND_MEDIA,11092844,,,,,,,,,,,,,,,,,,,,
KILL,USPEC_POLICY1,9505516,,,,,,,,,,,,,,,,,,,,
MANMADE_DISASTER_IMPLIED,USPEC_POLICY1,13539306,,,,,,,,,,,,,,,,,,,,
EDUCATION,USPEC_POLICY1,14834119,,,,,,,,,,,,,,,,,,,,
WB_2024_ANTI_CORRUPTION_AUTHORITIES,WB_694_BROADCAST_AND_MEDIA,4949682,,,,,,,,,,,,,,,,,,,,
WB_696_PUBLIC_SECTOR_MANAGEMENT,WB_831_GOVERNANCE,7070775,,,,,,,,,,,,,,,,,,,,
WB_696_PUBLIC_SECTOR_MANAGEMENT,WB_831_GOVERNANCE,7117195,,,,,,,,,,,,,,,,,,,,
WB_696_PUBLIC_SECTOR_MANAGEMENT,WB_831_GOVERNANCE,5624709,,,,,,,,,,,,,,,,,,,,
KILL,WB_694_BROADCAST_AND_MEDIA,7654028,,,,,,,,,,,,,,,,,,,,
MANMADE_DISASTER_IMPLIED,WB_694_BROADCAST_AND_MEDIA,9100292,,,,,,,,,,,,,,,,,,,,
EDUCATION,WB_694_BROADCAST_AND_MEDIA,8566794,,,,,,,,,,,,,,,,,,,,
KILL,MANMADE_DISASTER_IMPLIED,18544828,,,,,,,,,,,,,,,,,,,,
CRISISLEX_CRISISLEXREC,EDUCATION,10854875,,,,,,,,,,,,,,,,,,,,
EDUCATION,MANMADE_DISASTER_IMPLIED,14601223,,,,,,,,,,,,,,,,,,,,